Bowkutoly Prizmcore,8121109,18121148 2013571 15420104,18121148 10198015 15420104
Cranked Love,8873826,18749383,8873826 18749383
Daiten,4232665 16593295,4232665 16593295,4232665 16593295
Daniel Gaming,12001243,9564072 13181574,12521528
Dolbit Normalno,19611631,841391 3795679 2841009,10974581
Down,4694602,4694602,4694602
Embraced Freedom in our Collapsed Galaxy's Atomosphere,15025665,15025665,15025665
extremely valid,3862471 8984574,2204515 4966334 918297,2204515 918297
humilde,12704335,6632605 4468239,4468239
Incoherent Sound,11793794,4724315 12694468 6781232,7798305
le fishe au chocolat,3664366,4610047 1943309 5918561 6070370 3664366,3664366 4610047
Lovers,10166905,10166905 8894794 7835664,5420543
Luminance,13475402,10755421,10379965
Moonwave,11813833,6923232 7288862 8617799,12243368
Moyai,7273976,4879380 11266329 8067876,7405768
Pentangle of Ambivalence,4377273,2313166 8682057,11334594 19631565
schoolboy fans,745494,5504231 745494 5596337 6339790 8722791,5504231
SHATTERED SOUND,5983379 4909088,5428909 8352623,6124671
Team Carto-graphers,11624188 8033427,11624188 8033427 14708449,14708449
team cow.,6151332 4967662,7149815 8688812 6151332 4967662 8157492,7149815
Team Name,4847256 4717672,7856835 5226970,9149167
Team Red but Blue,16039046 1541323,1541323 7427035 12577911,1541323 4817223
the,2,11658199,14498926 13713436
Wholesome,10302848,14339830 3906405 6260705,6488658