FOUR DIMENSIONS,8657379 11665315 18012118 15022846,18012118
TV Sizers,10210657 14004374 6175280 2321050 10234313,14004374
?,11758667,14967853
三角形.tar.gz,8352623 8972308 418699,10974581 12243368
Hot Fizz Slider,7458583 6155320 11174970,9131844 5108681
Team Slykola,7798305 6781232,7798305 6781232
Touch Fish,1033017 10507557,1033017 10507557
Global Clan Osu,19077461 11327918 9205650,19077461 11327918 9205650
:shugasm:,6248691 12357714 8640970 11479122 11106442,11479122
Invincible Tornado Strike,16158742 5645691 4086593,11279273 12381096
); DROP TABLE users; --,19849836 28425671,19849836